Frame,Timestamp (ms),Active points,Bounding box centre X (px),Bounding box centre Y (px),Bounding box width (px),Bounding box height (px),Bounding box rotation (degrees),Bounding box vertex 1 X (px),Bounding box vertex 1 Y (px),Bounding box vertex 2 X (px),Bounding box vertex 2 Y (px),Bounding box vertex 3 X (px),Bounding box vertex 3 Y (px),Bounding box vertex 4 X (px),Bounding box vertex 4 Y (px)
0,40,283,165,125.5,54,163,0,138,207,138,44,192,44,192,207
1,120,316,165.677,124.951,54.018,163.054,0,138.668,206.478,138.668,43.4234,192.686,43.4234,192.686,206.478
2,160,316,165.863,125.095,54,163,0,138.863,206.595,138.863,43.5948,192.863,43.5948,192.863,206.595
3,200,325,167.898,124.577,54.0443,163.134,0,140.875,206.144,140.875,43.0098,194.92,43.0098,194.92,206.144
4,240,319,168.879,124.592,54.0506,163.153,0,141.854,206.169,141.854,43.0162,195.904,43.0161,195.904,206.169
5,280,326,169.663,124.384,54.0732,163.221,0,142.626,205.994,142.626,42.7734,196.699,42.7734,196.699,205.994
6,320,322,170.122,124.643,54.0037,163.011,0,143.121,206.148,143.121,43.1371,197.124,43.1371,197.124,206.148
7,360,318,170.518,124.768,54.0053,163.016,0,143.515,206.276,143.515,43.2604,197.521,43.2604,197.521,206.276
8,400,330,170.73,124.759,53.9857,162.957,0,143.737,206.237,143.737,43.2803,197.723,43.2803,197.723,206.237
9,440,328,170.94,124.942,53.9969,162.991,0,143.942,206.437,143.942,43.4468,197.939,43.4468,197.939,206.437
10,480,332,171.139,125.229,53.9907,162.972,0,144.144,206.715,144.144,43.7433,198.135,43.7433,198.135,206.715
11,520,327,171.349,125.137,53.9739,162.921,0,144.362,206.598,144.362,43.6763,198.336,43.6763,198.336,206.598
12,560,337,171.414,125.136,53.9723,162.916,0,144.428,206.594,144.428,43.6774,198.4,43.6774,198.4,206.594
13,600,330,171.471,124.955,53.9929,162.978,0,144.474,206.444,144.474,43.466,198.467,43.466,198.467,206.444
14,640,328,171.539,125.082,53.9971,162.991,0,144.54,206.578,144.54,43.5869,198.537,43.5869,198.537,206.578
15,680,329,171.52,125.162,54.01,163.03,0,144.515,206.677,144.515,43.6471,198.525,43.6471,198.525,206.677
16,720,326,171.561,125.316,54.0235,163.071,0,144.549,206.852,144.549,43.781,198.572,43.7811,198.572,206.852
17,760,331,171.561,125.273,54.0344,163.104,0,144.544,206.825,144.544,43.7209,198.578,43.7209,198.578,206.825
18,800,327,171.422,125.279,54.024,163.072,0,144.41,206.815,144.41,43.743,198.434,43.743,198.434,206.815
19,840,322,171.373,125.491,54.0084,163.025,0,144.369,207.004,144.369,43.9788,198.378,43.9788,198.378,207.004
20,880,325,171.373,125.551,54.01,163.03,0,144.368,207.066,144.368,44.0361,198.378,44.0361,198.378,207.066
21,920,327,171.405,125.813,54.0023,163.007,0,144.404,207.317,144.404,44.31,198.406,44.31,198.406,207.317
22,960,325,171.339,125.959,53.9714,162.914,0,144.354,207.416,144.354,44.5024,198.325,44.5024,198.325,207.416
23,1000,325,171.435,125.967,54.0019,163.006,0,144.434,207.47,144.434,44.4644,198.436,44.4644,198.436,207.47
24,1040,320,171.255,126.082,53.9988,162.996,0,144.255,207.58,144.255,44.584,198.254,44.584,198.254,207.58
25,1080,312,171.098,126.052,53.984,162.952,0,144.106,207.528,144.106,44.576,198.09,44.576,198.09,207.528
26,1120,316,170.919,126.059,53.9961,162.988,0,143.921,207.553,143.921,44.5647,197.917,44.5647,197.917,207.553
27,1160,328,170.751,125.892,53.9893,162.968,0,143.756,207.376,143.756,44.4084,197.746,44.4084,197.746,207.376
28,1200,329,170.774,125.685,54.0072,163.022,0,143.771,207.196,143.771,44.1743,197.778,44.1743,197.778,207.196
29,1240,325,170.511,125.683,54.0068,163.02,0,143.507,207.194,143.507,44.1731,197.514,44.1731,197.514,207.194
30,1280,319,170.48,125.666,53.9994,162.998,0,143.48,207.165,143.48,44.1671,197.479,44.1671,197.479,207.165
31,1320,321,170.309,125.826,54.0101,163.03,0,143.304,207.341,143.304,44.3105,197.314,44.3105,197.314,207.341
32,1360,324,170.383,125.96,54.0121,163.036,0,143.377,207.478,143.377,44.4415,197.389,44.4415,197.389,207.478
33,1400,325,170.247,126.215,54.0131,163.04,0,143.241,207.735,143.241,44.6953,197.254,44.6953,197.254,207.735
34,1440,331,170.12,126.503,54.0012,163.004,0,143.12,208.005,143.12,45.0013,197.121,45.0013,197.121,208.005
35,1480,318,169.973,126.574,53.9978,162.993,0,142.974,208.071,142.974,45.0773,196.972,45.0773,196.972,208.071
36,1520,321,169.99,126.649,54.0068,163.021,0,142.986,208.16,142.986,45.1391,196.993,45.1391,196.993,208.16
37,1560,327,169.979,126.749,54.0075,163.023,0,142.976,208.26,142.976,45.2375,196.983,45.2375,196.983,208.26
38,1600,320,169.723,126.717,54.0007,163.002,0,142.723,208.218,142.723,45.2156,196.723,45.2157,196.723,208.218
39,1640,318,169.563,126.846,53.9982,162.995,0,142.564,208.343,142.564,45.3485,196.563,45.3485,196.563,208.343
40,1680,321,169.457,126.824,54.0315,163.095,0,142.441,208.372,142.441,45.2767,196.473,45.2767,196.473,208.372
41,1720,325,169.506,126.709,54.0042,163.013,0,142.504,208.215,142.504,45.2021,196.508,45.2021,196.508,208.215
42,1760,312,169.568,126.558,54.0415,163.125,0,142.547,208.121,142.547,44.9956,196.588,44.9956,196.588,208.121
43,1800,319,169.588,126.291,54.0499,163.151,0,142.563,207.867,142.563,44.716,196.613,44.716,196.613,207.867
44,1840,322,169.708,125.93,54.0779,163.235,0,142.669,207.548,142.669,44.3125,196.747,44.3125,196.747,207.548
45,1880,326,169.787,125.578,54.0196,163.059,0,142.778,207.107,142.778,44.0481,196.797,44.0481,196.797,207.107
46,1920,317,169.984,125.241,54.0581,163.175,0,142.955,206.829,142.955,43.6533,197.013,43.6533,197.013,206.829
47,1960,324,170.316,124.803,54.0663,163.2,0,143.283,206.403,143.283,43.2032,197.349,43.2032,197.349,206.403
48,2000,323,170.667,124.488,54.0156,163.047,0,143.659,206.011,143.659,42.9641,197.674,42.9641,197.674,206.011
49,2040,331,171.411,124.141,54.0331,163.1,0,144.394,205.691,144.394,42.5913,198.427,42.5913,198.427,205.691
50,2080,323,172.167,123.814,54.1159,163.35,0,145.109,205.489,145.109,42.1389,199.225,42.1389,199.225,205.489
51,2120,334,172.816,123.753,54.0926,163.28,0,145.77,205.393,145.77,42.1132,199.863,42.1132,199.863,205.393
52,2160,338,173.357,123.722,54.066,163.199,0,146.324,205.321,146.324,42.122,200.39,42.122,200.39,205.321
53,2200,324,174.18,123.616,54.1122,163.339,0,147.124,205.285,147.124,41.9463,201.236,41.9463,201.236,205.285
54,2240,329,175.098,123.595,54.0725,163.219,0,148.062,205.205,148.062,41.986,202.134,41.986,202.134,205.205
55,2280,332,175.732,123.647,54.1018,163.307,0,148.681,205.3,148.681,41.9932,202.782,41.9932,202.782,205.3
56,2320,324,176.345,123.743,54.1426,163.43,0,149.274,205.458,149.274,42.0275,203.416,42.0275,203.416,205.458
57,2360,329,176.828,123.866,54.0851,163.257,0,149.785,205.495,149.785,42.2378,203.87,42.2377,203.87,205.495
58,2400,318,176.882,124.219,54.1576,163.476,0,149.804,205.957,149.804,42.4808,203.961,42.4808,203.961,205.957
59,2440,317,175.906,124.535,54.1788,163.54,0,148.816,206.305,148.816,42.7654,202.995,42.7654,202.995,206.305
60,2480,331,175.508,124.678,54.2371,163.716,0,148.389,206.536,148.389,42.8202,202.626,42.8202,202.626,206.536
61,2520,333,174.883,124.82,54.1646,163.497,0,147.801,206.569,147.801,43.0717,201.965,43.0717,201.965,206.569
62,2560,333,174.045,125.085,54.1768,163.534,0,146.957,206.851,146.957,43.3178,201.134,43.3178,201.134,206.851
63,2600,324,172.794,125.083,54.2226,163.672,0,145.682,206.919,145.682,43.2468,199.905,43.2468,199.905,206.919
64,2640,329,170.853,125.335,54.2484,163.75,0,143.728,207.21,143.728,43.4599,197.977,43.4599,197.977,207.21
65,2680,332,168.943,125.094,54.192,163.58,0,141.847,206.883,141.847,43.3038,196.039,43.3038,196.039,206.883
66,2720,332,167.279,125.175,54.336,164.014,0,140.111,207.182,140.111,43.1675,194.447,43.1675,194.447,207.182
67,2760,325,165.723,124.964,54.3461,164.045,0,138.55,206.987,138.55,42.9419,192.896,42.9419,192.896,206.987
68,2800,338,163.732,125.224,54.411,164.241,0,136.526,207.344,136.526,43.1034,190.937,43.1034,190.937,207.344
69,2840,328,161.772,125.435,54.4627,164.397,0,134.54,207.633,134.54,43.2367,189.003,43.2367,189.003,207.633
70,2880,332,159.553,126.41,54.4871,164.47,0,132.309,208.645,132.309,44.1745,186.797,44.1745,186.797,208.645
71,2920,323,156.766,127.52,54.5012,164.513,0,129.515,209.776,129.515,45.2631,184.017,45.2632,184.017,209.776
72,2960,326,155.001,128.459,54.4718,164.424,0,127.765,210.671,127.765,46.2466,182.237,46.2466,182.237,210.671
73,3000,330,153.486,129.101,54.4687,164.415,0,126.251,211.309,126.251,46.8937,180.72,46.8937,180.72,211.309
74,3040,321,152.069,129.347,54.4417,164.333,0,124.848,211.513,124.848,47.1801,179.29,47.1801,179.29,211.513
75,3080,322,150.25,129.363,54.4012,164.211,0,123.049,211.469,123.049,47.2576,177.451,47.2576,177.451,211.469
76,3120,319,149.183,129.192,54.5036,164.52,0,121.931,211.453,121.931,46.9323,176.435,46.9323,176.435,211.453
77,3160,326,148.74,128.941,54.5061,164.528,0,121.487,211.205,121.487,46.6773,175.993,46.6773,175.993,211.205
78,3200,317,148.506,128.858,54.4852,164.465,0,121.264,211.09,121.264,46.6255,175.749,46.6255,175.749,211.09
79,3240,327,148.196,128.942,54.4999,164.509,0,120.946,211.197,120.946,46.6877,175.446,46.6877,175.446,211.197
80,3280,321,148.252,128.645,54.4615,164.393,0,121.021,210.842,121.021,46.4486,175.483,46.4486,175.483,210.842
81,3320,324,149.063,128.069,54.4664,164.408,0,121.83,210.273,121.83,45.8648,176.296,45.8648,176.296,210.273
82,3360,329,149.87,127.398,54.4113,164.242,0,122.665,209.519,122.665,45.2774,177.076,45.2774,177.076,209.519
83,3400,330,150.435,127.159,54.3821,164.153,0,123.244,209.236,123.244,45.0828,177.626,45.0828,177.626,209.236
84,3440,326,150.606,127.312,54.3852,164.163,0,123.413,209.394,123.413,45.2308,177.798,45.2309,177.798,209.394
85,3480,327,150.477,127.346,54.361,164.09,0,123.297,209.391,123.297,45.3011,177.658,45.3011,177.658,209.391
86,3520,324,150.306,127.743,54.2409,163.727,0,123.186,209.607,123.186,45.8799,177.427,45.8799,177.427,209.607
87,3560,318,149.843,127.994,54.1624,163.49,0,122.762,209.739,122.762,46.2489,176.924,46.2489,176.924,209.739
88,3600,328,149.376,128.58,54.1336,163.403,0,122.31,210.282,122.31,46.8785,176.443,46.8785,176.443,210.282
89,3640,321,148.828,128.95,54.0448,163.135,0,121.806,210.518,121.806,47.3826,175.851,47.3826,175.851,210.518
90,3680,320,148.197,129.502,53.9068,162.719,0,121.244,210.862,121.244,48.1431,175.151,48.1431,175.151,210.862
91,3720,322,147.564,129.635,53.8387,162.513,0,120.645,210.892,120.645,48.3783,174.484,48.3784,174.484,210.892
92,3760,319,146.822,129.831,53.8354,162.503,0,119.904,211.082,119.904,48.5793,173.74,48.5793,173.74,211.082
93,3800,313,145.899,129.946,53.7836,162.347,0,119.007,211.119,119.007,48.7723,172.791,48.7723,172.791,211.119
94,3840,320,145.002,130.17,53.7519,162.251,0,118.126,211.296,118.126,49.0448,171.878,49.0448,171.878,211.296
95,3880,321,144.117,130.361,53.6305,161.885,0,117.302,211.304,117.302,49.4189,170.932,49.4189,170.932,211.304
96,3920,313,142.612,130.34,53.5821,161.739,0,115.821,211.209,115.821,49.4708,169.403,49.4708,169.403,211.209
97,3960,316,141.744,130.131,53.4593,161.368,0,115.014,210.815,115.014,49.4471,168.473,49.4471,168.473,210.815
98,4000,317,141.243,129.449,53.3482,161.033,0,114.569,209.965,114.569,48.9329,167.917,48.9329,167.917,209.965
99,4040,323,140.413,129.09,53.3467,161.028,0,113.739,209.604,113.739,48.5756,167.086,48.5756,167.086,209.604
100,4080,316,139.534,128.571,53.2117,160.621,0,112.928,208.882,112.928,48.2609,166.14,48.2609,166.14,208.882
101,4120,316,138.862,127.445,53.1468,160.424,0,112.288,207.657,112.288,47.2323,165.435,47.2323,165.435,207.657
102,4160,310,138.412,126.527,53.0998,160.283,0,111.862,206.668,111.862,46.3853,164.962,46.3853,164.962,206.668
103,4200,314,137.896,125.858,52.9591,159.858,0,111.417,205.787,111.417,45.9289,164.376,45.9289,164.376,205.787
104,4240,319,137.488,124.989,52.8827,159.627,0,111.046,204.802,111.046,45.1749,163.929,45.1749,163.929,204.802
105,4280,325,137.296,123.655,52.8244,159.452,0,110.883,203.381,110.883,43.9293,163.708,43.9293,163.708,203.381
106,4320,317,137.631,122.489,52.7984,159.373,0,111.232,202.176,111.232,42.8025,164.03,42.8025,164.03,202.176
107,4360,324,138.237,121.606,52.6382,158.889,0,111.918,201.05,111.918,42.161,164.556,42.161,164.556,201.05
108,4400,321,139.541,121.229,52.6423,158.902,0,113.22,200.68,113.22,41.7781,165.863,41.7781,165.863,200.68
109,4440,321,140.768,120.757,52.5623,158.66,0,114.487,200.087,114.487,41.4271,167.049,41.4271,167.049,200.087
110,4480,317,142.061,120.66,52.4969,158.463,0,115.812,199.892,115.812,41.4288,168.309,41.4288,168.309,199.892
111,4520,314,143.332,120.719,52.5448,158.608,0,117.059,200.023,117.059,41.4157,169.604,41.4157,169.604,200.023
112,4560,315,143.507,120.649,52.4398,158.29,0,117.287,199.794,117.287,41.5038,169.727,41.5038,169.727,199.794
113,4600,322,143.43,120.94,52.4777,158.405,0,117.191,200.142,117.191,41.7373,169.669,41.7373,169.669,200.142
114,4640,318,143.091,121.272,52.4688,158.378,0,116.857,200.46,116.857,42.0825,169.326,42.0825,169.326,200.46
115,4680,325,143.05,121.591,52.3771,158.101,0,116.861,200.642,116.861,42.5403,169.238,42.5403,169.238,200.642
116,4720,325,143.52,122.144,52.3706,158.082,0,117.335,201.185,117.335,43.1035,169.705,43.1035,169.705,201.185
117,4760,317,144.263,122.906,52.3985,158.166,0,118.064,201.989,118.064,43.8234,170.462,43.8233,170.462,201.989
118,4800,316,145.45,124.011,52.3969,158.161,0,119.252,203.092,119.252,44.9308,171.648,44.9308,171.648,203.092
119,4840,317,146.412,124.663,52.3528,158.028,0,120.235,203.677,120.235,45.6494,172.588,45.6494,172.588,203.677
120,4880,321,147.061,125.017,52.3834,158.12,0,120.869,204.077,120.869,45.957,173.252,45.957,173.252,204.077
121,4920,326,147.806,125.083,52.4717,158.387,0,121.57,204.276,121.57,45.8893,174.041,45.8893,174.041,204.276
122,4960,312,148.262,125.033,52.4632,158.361,0,122.031,204.214,122.031,45.8525,174.494,45.8525,174.494,204.214
123,5000,324,148.648,124.702,52.4755,158.398,0,122.41,203.901,122.41,45.5029,174.885,45.5029,174.885,203.901
124,5040,325,148.986,124.454,52.5644,158.667,0,122.704,203.787,122.704,45.1205,175.269,45.1205,175.269,203.787
125,5080,321,149.107,124.11,52.5907,158.746,0,122.811,203.483,122.811,44.737,175.402,44.737,175.402,203.483
126,5120,320,149.07,123.83,52.5517,158.628,0,122.795,203.144,122.795,44.5161,175.346,44.5161,175.346,203.144
127,5160,307,148.627,123.556,52.6142,158.817,0,122.32,202.965,122.32,44.148,174.934,44.148,174.934,202.965
128,5200,313,147.129,123.413,52.6025,158.782,0,120.828,202.803,120.828,44.0219,173.43,44.0219,173.43,202.803
129,5240,306,145.198,123.175,52.6466,158.915,0,118.875,202.633,118.875,43.7181,171.522,43.7181,171.522,202.633
130,5280,311,143.45,122.819,52.5776,158.707,0,117.161,202.173,117.161,43.4661,169.739,43.4661,169.739,202.173
131,5320,312,141.863,122.751,52.5673,158.675,0,115.579,202.089,115.579,43.4137,168.146,43.4138,168.146,202.089
132,5360,316,140.207,122.616,52.5668,158.674,0,113.924,201.953,113.924,43.2789,166.49,43.2789,166.49,201.953
133,5400,313,138.588,122.555,52.5947,158.758,0,112.291,201.934,112.291,43.1761,164.886,43.1761,164.886,201.934
134,5440,319,137.268,122.837,52.558,158.647,0,110.989,202.161,110.989,43.5134,163.547,43.5134,163.547,202.161
135,5480,316,135.928,122.618,52.5263,158.552,0,109.665,201.893,109.665,43.3417,162.191,43.3417,162.191,201.893
136,5520,319,135.151,122.373,52.4145,158.214,0,108.943,201.48,108.943,43.2655,161.358,43.2655,161.358,201.48
137,5560,318,134.713,122.058,52.4065,158.19,0,108.51,201.152,108.51,42.9625,160.916,42.9625,160.916,201.152
138,5600,315,134.389,121.884,52.3948,158.155,0,108.192,200.961,108.192,42.8062,160.587,42.8062,160.587,200.961
139,5640,320,134.326,121.81,52.3786,158.106,0,108.137,200.862,108.137,42.7567,160.516,42.7567,160.516,200.862
140,5680,315,134.504,122.248,52.3423,157.996,0,108.333,201.246,108.333,43.2503,160.675,43.2503,160.675,201.246
141,5720,318,135.139,122.631,52.2567,157.738,0,109.011,201.5,109.011,43.7623,161.268,43.7623,161.268,201.5
142,5760,319,135.746,122.907,52.1947,157.551,0,109.648,201.683,109.648,44.1321,161.843,44.1321,161.843,201.683
143,5800,314,136.212,123.187,52.123,157.334,0,110.15,201.854,110.15,44.5197,162.273,44.5197,162.273,201.854
144,5840,314,136.728,123.183,52.0956,157.252,0,110.68,201.809,110.68,44.5573,162.776,44.5573,162.776,201.809
145,5880,311,136.826,123.439,52.0558,157.131,0,110.798,202.005,110.798,44.8736,162.854,44.8736,162.854,202.005
146,5920,311,136.67,123.883,51.9484,156.807,0,110.695,202.286,110.695,45.4789,162.644,45.4789,162.644,202.286
147,5960,310,136.423,124.084,51.9084,156.686,0,110.469,202.427,110.469,45.7406,162.377,45.7406,162.377,202.427
148,6000,307,136.096,124.379,51.7835,156.309,0,110.204,202.533,110.204,46.2238,161.988,46.2238,161.988,202.533
149,6040,313,135.699,124.192,51.7267,156.138,0,109.835,202.261,109.835,46.123,161.562,46.123,161.562,202.261
150,6080,307,135.269,123.704,51.6931,156.036,0,109.422,201.722,109.422,45.6858,161.115,45.6858,161.115,201.722
151,6120,312,134.855,122.741,51.5458,155.592,0,109.082,200.537,109.082,44.9453,160.628,44.9453,160.628,200.537
152,6160,308,134.271,121.715,51.5522,155.611,0,108.495,199.52,108.495,43.909,160.047,43.909,160.047,199.52
153,6200,307,133.137,119.132,51.4531,155.312,0,107.41,196.789,107.41,41.4764,158.864,41.4764,158.864,196.789
154,6240,309,131.951,115.066,51.4353,155.258,0,106.234,192.695,106.234,37.4366,157.669,37.4366,157.669,192.695
155,6280,310,130.94,111.652,51.3538,155.012,0,105.264,189.158,105.264,34.1459,156.617,34.1459,156.617,189.158
156,6320,306,130.037,109.536,51.2456,154.686,0,104.414,186.879,104.414,32.1932,155.66,32.1932,155.66,186.879
157,6360,305,129.472,107.954,51.2302,154.639,0,103.857,185.274,103.857,30.6345,155.087,30.6345,155.087,185.274
158,6400,307,129.057,107.158,51.1388,154.363,0,103.488,184.34,103.488,29.9763,154.627,29.9763,154.627,184.34
159,6440,306,128.428,106.885,51.0655,154.142,0,102.895,183.956,102.895,29.8135,153.96,29.8135,153.96,183.956
160,6480,307,127.947,106.536,51.0304,154.036,0,102.432,183.554,102.432,29.518,153.463,29.518,153.463,183.554
161,6520,308,127.382,106.301,50.9957,153.931,0,101.884,183.266,101.884,29.3348,152.88,29.3348,152.88,183.266
162,6560,304,126.883,106.067,50.9404,153.764,0,101.413,182.95,101.413,29.1851,152.353,29.1851,152.353,182.95
163,6600,305,126.398,106.137,50.9115,153.677,0,100.942,182.976,100.942,29.2988,151.853,29.2988,151.853,182.976
164,6640,301,126.062,106.307,50.8695,153.551,0,100.628,183.083,100.628,29.5319,151.497,29.5319,151.497,183.083
165,6680,302,125.803,106.668,50.8509,153.494,0,100.377,183.415,100.377,29.9204,151.228,29.9204,151.228,183.415
166,6720,302,125.724,107.026,50.8087,153.367,0,100.32,183.709,100.32,30.3421,151.128,30.3421,151.128,183.709
167,6760,301,125.914,107.221,50.7723,153.257,0,100.528,183.85,100.528,30.5929,151.3,30.593,151.3,183.85
168,6800,303,126.355,107.42,50.7503,153.191,0,100.979,184.015,100.979,30.8241,151.73,30.8241,151.73,184.015
169,6840,302,126.998,108.205,50.7238,153.111,0,101.637,184.761,101.637,31.6499,152.36,31.6499,152.36,184.761
170,6880,304,128.172,109.627,50.7449,153.174,0,102.8,186.214,102.8,33.0399,153.545,33.0399,153.545,186.214
171,6920,304,129.358,111.26,50.731,153.132,0,103.993,187.826,103.993,34.6935,154.724,34.6935,154.724,187.826
172,6960,305,131.029,113.198,50.6965,153.028,0,105.68,189.712,105.68,36.6838,156.377,36.6838,156.377,189.712
173,7000,304,132.141,114.395,50.6711,152.952,0,106.805,190.871,106.805,37.9194,157.476,37.9194,157.476,190.871
174,7040,304,133.14,115.619,50.6433,152.868,0,107.818,192.053,107.818,39.1855,158.462,39.1855,158.462,192.053
175,7080,304,134.075,116.078,50.6123,152.774,0,108.769,192.465,108.769,39.691,159.381,39.691,159.381,192.465
176,7120,304,134.449,116.786,50.6235,152.808,0,109.137,193.19,109.137,40.382,159.761,40.382,159.761,193.19
177,7160,304,134.561,117.803,50.5815,152.681,0,109.27,194.144,109.27,41.4624,159.852,41.4624,159.852,194.144
178,7200,303,134.21,118.926,50.5846,152.691,0,108.917,195.271,108.917,42.5805,159.502,42.5805,159.502,195.271
179,7240,303,133.688,119.921,50.5928,152.715,0,108.392,196.279,108.392,43.5636,158.985,43.5636,158.985,196.279
180,7280,302,133.057,120.827,50.5932,152.717,0,107.76,197.186,107.76,44.4692,158.354,44.4692,158.354,197.186
181,7320,302,132.505,121.311,50.5552,152.602,0,107.227,197.612,107.227,45.0103,157.783,45.0103,157.783,197.612
182,7360,304,131.978,121.854,50.5659,152.634,0,106.695,198.171,106.695,45.5373,157.261,45.5373,157.261,198.171
183,7400,303,131.581,122.266,50.5649,152.631,0,106.298,198.582,106.298,45.9506,156.863,45.9506,156.863,198.582
184,7440,303,131.237,122.772,50.5747,152.661,0,105.95,199.102,105.95,46.4414,156.525,46.4414,156.525,199.102
185,7480,303,131.211,122.907,50.5749,152.661,0,105.924,199.238,105.924,46.5763,156.499,46.5763,156.499,199.238
186,7520,304,131.521,123.052,50.5802,152.677,0,106.231,199.391,106.231,46.7134,156.811,46.7134,156.811,199.391
187,7560,304,131.867,123.103,50.6081,152.761,0,106.563,199.483,106.563,46.7219,157.171,46.7219,157.171,199.483
188,7600,303,132.153,123.194,50.6236,152.808,0,106.841,199.598,106.841,46.7895,157.465,46.7895,157.465,199.598
189,7640,304,132.395,123.22,50.6464,152.877,0,107.072,199.659,107.072,46.782,157.718,46.782,157.718,199.659
190,7680,303,132.786,123.27,50.6514,152.892,0,107.46,199.716,107.46,46.8237,158.112,46.8237,158.112,199.716
191,7720,305,133.619,123.405,50.6624,152.925,0,108.288,199.868,108.288,46.9422,158.95,46.9422,158.95,199.868
192,7760,304,133.865,123.542,50.6845,152.992,0,108.523,200.038,108.523,47.0459,159.208,47.0459,159.208,200.038
193,7800,304,133.978,123.629,50.7081,153.063,0,108.624,200.161,108.624,47.0977,159.332,47.0977,159.332,200.161
194,7840,301,133.976,123.738,50.7356,153.146,0,108.608,200.311,108.608,47.1645,159.344,47.1645,159.344,200.311
195,7880,304,133.917,123.832,50.7797,153.28,0,108.527,200.472,108.527,47.1923,159.306,47.1923,159.306,200.472
196,7920,302,133.794,123.963,50.8313,153.435,0,108.379,200.68,108.379,47.245,159.21,47.245,159.21,200.68
197,7960,301,133.578,124.057,50.8542,153.504,0,108.151,200.809,108.151,47.3051,159.005,47.3051,159.005,200.809
198,8000,302,133.341,124.229,50.9241,153.715,0,107.879,201.086,107.879,47.3709,158.803,47.3709,158.803,201.086
199,8040,308,133.688,124.346,50.9264,153.722,0,108.224,201.207,108.224,47.4845,159.151,47.4845,159.151,201.207
200,8080,306,134.678,124.401,50.9305,153.735,0,109.213,201.268,109.213,47.5333,160.143,47.5333,160.143,201.268
201,8120,307,135.836,124.38,50.9511,153.797,0,110.361,201.279,110.361,47.4819,161.312,47.4819,161.312,201.279
202,8160,309,136.615,124.587,51.0542,154.108,0,111.088,201.641,111.088,47.5331,162.142,47.5331,162.142,201.641
203,8200,308,136.452,124.728,51.0636,154.136,0,110.92,201.796,110.92,47.6593,161.984,47.6593,161.984,201.796
204,8240,308,136.517,124.615,51.1709,154.46,0,110.931,201.845,110.931,47.3846,162.102,47.3846,162.102,201.845
205,8280,305,136.294,124.371,51.2162,154.597,0,110.686,201.67,110.686,47.073,161.902,47.073,161.902,201.67
206,8320,310,136.11,123.643,51.3121,154.887,0,110.454,201.087,110.454,46.2002,161.766,46.2002,161.766,201.087
207,8360,307,136.149,122.503,51.4176,155.205,0,110.44,200.106,110.44,44.9005,161.858,44.9005,161.858,200.106
208,8400,308,136.151,121.15,51.4266,155.232,0,110.437,198.766,110.437,43.5341,161.864,43.5341,161.864,198.766
209,8440,310,135.917,120.145,51.5373,155.566,0,110.148,197.928,110.148,42.3615,161.685,42.3615,161.685,197.928
210,8480,309,135.901,119.183,51.6821,156.003,0,110.06,197.185,110.06,41.1812,161.742,41.1812,161.742,197.185
211,8520,312,135.488,118.768,51.7431,156.187,0,109.617,196.862,109.617,40.6744,161.36,40.6744,161.36,196.862
212,8560,312,135.249,118.387,51.9315,156.756,0,109.283,196.765,109.283,40.0086,161.215,40.0086,161.215,196.765
213,8600,312,135.022,117.81,52.0393,157.082,0,109.003,196.35,109.003,39.2688,161.042,39.2688,161.042,196.35
214,8640,315,134.958,117.71,52.2013,157.571,0,108.857,196.495,108.857,38.9248,161.058,38.9248,161.058,196.495
215,8680,320,135.363,117.644,52.2689,157.775,0,109.228,196.532,109.228,38.7571,161.497,38.7571,161.497,196.532
216,8720,311,136.135,117.718,52.4097,158.2,0,109.93,196.818,109.93,38.6187,162.34,38.6187,162.34,196.818
217,8760,316,136.938,117.938,52.552,158.629,0,110.662,197.253,110.662,38.6237,163.214,38.6237,163.214,197.253
218,8800,311,137.632,118.193,52.6868,159.036,0,111.289,197.711,111.289,38.6751,163.976,38.6751,163.976,197.711
219,8840,311,137.471,118.414,52.8216,159.443,0,111.06,198.135,111.06,38.6922,163.882,38.6922,163.882,198.135
220,8880,316,138.144,118.474,52.9746,159.905,0,111.656,198.427,111.656,38.5217,164.631,38.5217,164.631,198.427
221,8920,315,139.75,118.528,53.1696,160.493,0,113.165,198.774,113.165,38.2811,166.334,38.2811,166.334,198.774
222,8960,317,140.602,119.074,53.3077,160.91,0,113.948,199.53,113.948,38.6193,167.256,38.6193,167.256,199.53
223,9000,321,141.809,120.21,53.41,161.219,0,115.104,200.819,115.104,39.6003,168.514,39.6003,168.514,200.819
224,9040,321,143.04,121.53,53.4676,161.393,0,116.306,202.226,116.306,40.8332,169.774,40.8332,169.774,202.226
225,9080,318,143.769,122.124,53.524,161.563,0,117.007,202.906,117.007,41.3428,170.531,41.3428,170.531,202.906
226,9120,322,144.663,122.064,53.6633,161.984,0,117.831,203.056,117.831,41.0725,171.495,41.0725,171.495,203.056
227,9160,317,145.529,121.899,53.7386,162.211,0,118.66,203.005,118.66,40.7937,172.399,40.7937,172.399,203.005
228,9200,318,145.753,121.928,53.8182,162.451,0,118.844,203.154,118.844,40.7025,172.662,40.7025,172.662,203.154
229,9240,320,145.664,122.005,53.8659,162.595,0,118.731,203.302,118.731,40.7072,172.597,40.7072,172.597,203.302
230,9280,319,145.88,122.097,53.9558,162.866,0,118.902,203.53,118.902,40.6635,172.858,40.6635,172.858,203.53
231,9320,325,146.808,121.923,53.9734,162.92,0,119.821,203.383,119.821,40.4627,173.795,40.4627,173.795,203.383
232,9360,319,147.492,121.953,53.9806,162.942,0,120.501,203.424,120.501,40.4827,174.482,40.4827,174.482,203.424
233,9400,328,148.076,121.697,54.0765,163.231,0,121.038,203.312,121.038,40.0814,175.114,40.0814,175.114,203.312
234,9440,327,149.513,121.595,54.1155,163.349,0,122.455,203.269,122.455,39.9203,176.571,39.9203,176.571,203.269
235,9480,316,152.134,121.391,54.1181,163.356,0,125.075,203.07,125.075,39.7132,179.193,39.7132,179.193,203.07
236,9520,319,156.276,121.502,54.1336,163.403,0,129.209,203.203,129.209,39.8003,183.342,39.8002,183.342,203.203
237,9560,323,161.712,121.557,54.1945,163.587,0,134.615,203.351,134.615,39.7637,188.809,39.7637,188.809,203.351
238,9600,323,165.87,121.388,54.2165,163.654,0,138.761,203.215,138.761,39.5614,192.978,39.5614,192.978,203.215
239,9640,322,169.374,121.374,54.1579,163.477,0,142.295,203.112,142.295,39.6358,196.453,39.6358,196.453,203.112
240,9680,330,172.616,121.328,54.149,163.45,0,145.541,203.053,145.541,39.6029,199.69,39.6029,199.69,203.053
241,9720,332,175.572,121.1,54.1458,163.44,0,148.499,202.82,148.499,39.3798,202.644,39.3798,202.644,202.82
242,9760,330,177.187,121.119,54.1966,163.593,0,150.089,202.916,150.089,39.3224,204.286,39.3224,204.286,202.916
243,9800,321,178.148,121.331,54.0673,163.203,0,151.114,202.933,151.114,39.7299,205.182,39.7299,205.182,202.933
244,9840,331,178.951,121.606,54.132,163.398,0,151.885,203.305,151.885,39.9069,206.017,39.9069,206.017,203.305
245,9880,328,179.832,121.632,54.1015,163.306,0,152.781,203.285,152.781,39.9785,206.883,39.9785,206.883,203.285
246,9920,327,180.837,121.734,54.0674,163.203,0,153.804,203.335,153.804,40.1321,207.871,40.1321,207.871,203.335
247,9960,336,181.736,121.865,54.1065,163.321,0,154.682,203.526,154.682,40.2043,208.789,40.2043,208.789,203.526
248,10000,334,182.64,121.943,54.179,163.54,0,155.55,203.713,155.55,40.1729,209.729,40.1729,209.729,203.713
249,10040,325,183.171,122.095,54.2234,163.674,0,156.059,203.932,156.059,40.2579,210.282,40.2579,210.282,203.932
250,10080,337,183.405,121.908,54.2443,163.737,0,156.283,203.777,156.283,40.0396,210.528,40.0396,210.528,203.777
251,10120,328,183.449,121.685,54.2425,163.732,0,156.328,203.551,156.328,39.8186,210.57,39.8186,210.57,203.551
252,10160,339,183.041,121.426,54.3471,164.048,0,155.868,203.449,155.868,39.4018,210.215,39.4018,210.215,203.449
253,10200,333,182.175,121,54.3909,164.18,0,154.979,203.09,154.979,38.9103,209.37,38.9103,209.37,203.09
254,10240,338,181.819,120.273,54.4499,164.358,0,154.594,202.452,154.594,38.0942,209.044,38.0942,209.044,202.452
255,10280,346,181.186,119.844,54.5864,164.77,0,153.893,202.229,153.893,37.4587,208.479,37.4587,208.479,202.229
256,10320,348,180.866,119.231,54.6274,164.894,0,153.553,201.678,153.553,36.7836,208.18,36.7836,208.18,201.678
257,10360,341,181.021,118.895,54.791,165.388,0,153.626,201.589,153.626,36.2009,208.417,36.2009,208.417,201.589
258,10400,338,181.238,118.923,54.8451,165.551,0,153.815,201.698,153.815,36.1471,208.66,36.1471,208.66,201.698
259,10440,348,181.311,119.004,54.9862,165.977,0,153.818,201.993,153.818,36.0159,208.804,36.0159,208.804,201.993
260,10480,338,181.414,119.47,55.1034,166.33,0,153.862,202.635,153.862,36.305,208.965,36.305,208.965,202.635
261,10520,338,181.285,120.1,55.2299,166.712,0,153.67,203.456,153.67,36.7433,208.9,36.7433,208.9,203.456
262,10560,339,181.522,120.061,55.3701,167.136,0,153.837,203.629,153.837,36.4935,209.207,36.4935,209.207,203.629
263,10600,334,181.664,120.035,55.4714,167.442,0,153.928,203.756,153.928,36.3146,209.4,36.3146,209.4,203.756
264,10640,335,181.466,120.118,55.5835,167.78,0,153.675,204.008,153.675,36.2284,209.258,36.2284,209.258,204.008
265,10680,331,181.196,119.138,55.7713,168.347,0,153.311,203.311,153.311,34.9645,209.082,34.9645,209.082,203.311
266,10720,345,181.175,117.838,55.9559,168.904,0,153.197,202.29,153.197,33.3862,209.153,33.3862,209.153,202.29
267,10760,334,180.988,117.14,56.0047,169.051,0,152.985,201.666,152.985,32.6143,208.99,32.6143,208.99,201.666
268,10800,334,180.369,117.326,56.0726,169.256,0,152.333,201.954,152.333,32.6982,208.405,32.6982,208.405,201.954
269,10840,340,178.725,117.845,56.2258,169.719,0,150.613,202.704,150.613,32.9857,206.838,32.9857,206.838,202.704
270,10880,332,176.725,118.863,56.2545,169.805,0,148.598,203.766,148.598,33.9609,204.852,33.9609,204.852,203.766
271,10920,335,175.521,119.409,56.2901,169.913,0,147.376,204.365,147.376,34.4527,203.666,34.4527,203.666,204.365
272,10960,343,175.548,119.739,56.4335,170.345,0,147.331,204.911,147.331,34.5658,203.764,34.5658,203.764,204.911
273,11000,333,175.255,120.232,56.3998,170.244,0,147.055,205.354,147.055,35.1106,203.455,35.1106,203.455,205.354
274,11040,324,174.606,121.062,56.4668,170.446,0,146.373,206.285,146.373,35.8389,202.84,35.8389,202.84,206.285
275,11080,333,174.232,121.577,56.5863,170.807,0,145.939,206.981,145.939,36.1739,202.526,36.1739,202.526,206.981
276,11120,331,174.081,121.913,56.6408,170.971,0,145.76,207.398,145.76,36.427,202.401,36.427,202.401,207.398
277,11160,331,174.518,121.891,56.7243,171.223,0,146.156,207.502,146.156,36.279,202.88,36.279,202.88,207.502
278,11200,334,174.988,121.779,56.7169,171.201,0,146.63,207.38,146.63,36.1788,203.347,36.1788,203.347,207.38
279,11240,339,176.084,121.996,56.706,171.168,0,147.731,207.58,147.731,36.4121,204.437,36.4121,204.437,207.58
280,11280,336,178.08,121.947,56.7402,171.271,0,149.71,207.583,149.71,36.3116,206.45,36.3116,206.45,207.583
281,11320,335,181.798,121.672,56.7803,171.392,0,153.408,207.368,153.408,35.9759,210.189,35.9759,210.189,207.368
282,11360,326,186.456,121.586,56.8063,171.471,0,158.053,207.322,158.053,35.851,214.859,35.851,214.859,207.322
283,11400,331,192.74,120.868,56.8383,171.568,0,164.321,206.651,164.321,35.0838,221.16,35.0838,221.16,206.651
284,11440,321,199.533,119.602,56.8842,171.706,0,171.091,205.455,171.091,33.7489,227.975,33.7489,227.975,205.455
285,11480,316,203.871,118.749,56.8473,171.594,0,175.448,204.546,175.448,32.952,232.295,32.952,232.295,204.546
286,11520,324,207.097,118.95,56.8751,171.679,0,178.659,204.789,178.659,33.1106,235.535,33.1106,235.535,204.789
287,11560,320,210.231,118.969,56.9851,172.011,0,181.738,204.974,181.738,32.9633,238.723,32.9633,238.723,204.974
288,11600,322,213.361,118.99,57.0307,172.148,0,184.846,205.064,184.846,32.9157,241.877,32.9157,241.877,205.064
289,11640,325,215.514,118.766,56.9896,172.024,0,187.02,204.778,187.02,32.7535,244.009,32.7535,244.009,204.778
290,11680,323,217.339,118.425,56.9541,171.917,0,188.862,204.384,188.862,32.4665,245.816,32.4665,245.816,204.384
291,11720,321,218.512,117.805,56.9529,171.913,0,190.035,203.761,190.035,31.8479,246.988,31.8479,246.988,203.761
292,11760,328,219.363,117.292,56.9194,171.812,0,190.903,203.198,190.903,31.3861,247.823,31.3861,247.823,203.198
293,11800,321,219.644,116.754,56.9358,171.862,0,191.176,202.685,191.176,30.8231,248.112,30.8231,248.112,202.685
294,11840,325,219.629,116.317,56.8697,171.662,0,191.194,202.148,191.194,30.4861,248.063,30.4861,248.063,202.148
295,11880,331,219.634,115.972,56.9339,171.856,0,191.167,201.9,191.167,30.0444,248.101,30.0444,248.101,201.9
296,11920,326,219.441,115.626,56.8761,171.681,0,191.003,201.467,191.003,29.7851,247.879,29.7851,247.879,201.467
297,11960,326,219.342,115.391,56.913,171.793,0,190.885,201.287,190.885,29.494,247.798,29.494,247.798,201.287
298,12000,328,219.775,115.334,56.9398,171.874,0,191.305,201.27,191.305,29.3966,248.245,29.3966,248.245,201.27
299,12040,315,219.605,115.874,56.8926,171.731,0,191.158,201.74,191.158,30.0087,248.051,30.0087,248.051,201.74
300,12080,314,219.661,116.606,56.8854,171.71,0,191.218,202.461,191.218,30.7514,248.104,30.7514,248.104,202.461
301,12120,320,220.04,117.496,56.9943,172.038,0,191.543,203.515,191.543,31.4769,248.537,31.4769,248.537,203.515
302,12160,323,220.503,117.944,56.8941,171.736,0,192.056,203.812,192.056,32.0761,248.95,32.0761,248.95,203.812
303,12200,319,220.762,118.574,56.887,171.715,0,192.319,204.431,192.319,32.7167,249.206,32.7167,249.206,204.431
304,12240,323,220.452,119.301,56.8505,171.604,0,192.026,205.103,192.026,33.4991,248.877,33.4991,248.877,205.103
